-- phpMyAdmin SQL Dump
-- version 4.1.14
-- http://www.phpmyadmin.net
--
-- Client :  127.0.0.1
-- Généré le :  Mar 06 Octobre 2015 à 15:33
-- Version du serveur :  5.6.17
-- Version de PHP :  5.5.12

SET SQL_MODE = "NO_AUTO_VALUE_ON_ZERO";
SET time_zone = "+00:00";

--
-- Base de données :  `mvcoo`
--
CREATE DATABASE IF NOT EXISTS `mvcoo` DEFAULT CHARACTER SET utf8 COLLATE utf8_general_ci;
USE `mvcoo`;

-- --------------------------------------------------------

--
-- Structure de la table `ecrivain`
--

CREATE TABLE IF NOT EXISTS `ecrivain` (
  `id` int(10) unsigned NOT NULL AUTO_INCREMENT,
  `lenom` varchar(100) DEFAULT NULL,
  `labio` text,
  `sciecle_id` smallint(5) unsigned NOT NULL,
  PRIMARY KEY (`id`),
  KEY `fk_poete_sciecle_idx` (`sciecle_id`)
) ENGINE=InnoDB  DEFAULT CHARSET=utf8 AUTO_INCREMENT=11 ;


-- --------------------------------------------------------

--
-- Structure de la table `livre`
--

CREATE TABLE IF NOT EXISTS `livre` (
  `id` int(10) unsigned NOT NULL AUTO_INCREMENT,
  `letitre` varchar(80) DEFAULT NULL,
  `ladescription` text,
  `lasortie` varchar(15) DEFAULT NULL,
  `ecrivain_id` int(10) unsigned NOT NULL,
  PRIMARY KEY (`id`),
  KEY `fk_livre_ecrivain1_idx` (`ecrivain_id`)
) ENGINE=InnoDB  DEFAULT CHARSET=utf8 AUTO_INCREMENT=21 ;



-- --------------------------------------------------------

--
-- Structure de la table `periode`
--

CREATE TABLE IF NOT EXISTS `periode` (
  `id` smallint(5) unsigned NOT NULL AUTO_INCREMENT,
  `laperiode` varchar(45) DEFAULT NULL,
  PRIMARY KEY (`id`),
  UNIQUE KEY `laperiode_UNIQUE` (`laperiode`)
) ENGINE=InnoDB  DEFAULT CHARSET=utf8 AUTO_INCREMENT=6 ;

--
-- Contenu de la table `periode`
--

INSERT INTO `periode` (`id`, `laperiode`) VALUES
(4, 'XIX'),
(1, 'XVI'),
(2, 'XVII'),
(3, 'XVIII'),
(5, 'XX');



--
-- Contenu de la table `ecrivain`
--

INSERT INTO `ecrivain` (`id`, `lenom`, `labio`, `sciecle_id`) VALUES
(1, 'François Rabelais', 'François Rabelais (également connu sous le pseudonyme Alcofribas Nasier, anagramme de François Rabelais, ou bien encore sous celui de Séraphin Calobarsy) est un écrivain français humaniste de la Renaissance, né à La Devinière à Seuilly, près de Chinon (dans l’ancienne province de Touraine), en 1483 ou 1494 selon les sources, et mort à Paris le 9 avril 1553.\r\n\r\nEcclésiastique et anticlérical, chrétien et libre penseur, médecin et bon vivant, les multiples facettes de sa personnalité semblent parfois contradictoires. Pris dans la tourmente religieuse et politique de la Réforme, Rabelais se montre à la fois sensible et critique vis-à-vis des grandes questions de son temps. Par la suite, les regards portés sur sa vie et son œuvre ont évolué selon les époques et les courants de pensée.\r\n\r\nAdmirateur d''Érasme, maniant la parodie et la satire, Rabelais lutte en faveur de la tolérance, de la paix, d''une foi évangélique et du retour au savoir de l''Antiquité gréco-romaine, par-delà ces « ténèbres gothiques » qui caractérisent selon lui le Moyen Âge, reprenant les thèses de Platon pour contrer les dérives de l''aristotélisme. Il s''en prend aux abus des princes et des hommes d''Église, et leur oppose d''une part la pensée humaniste évangélique, d''autre part la culture populaire, paillarde, « rigolarde », marquée par le goût du vin et des jeux, manifestant ainsi une foi chrétienne humble et ouverte, loin de toute pesanteur ecclésiastique.\r\n\r\nSon réquisitoire à l''encontre des théologiens de la Sorbonne et ses expressions crues, parfois obscènes, lui attirent les foudres de la censure des autorités religieuses, surtout à partir de la publication du Tiers Livre. Il partage avec le protestantisme la critique de la scolastique et du monachisme, mais le réformateur religieux Jean Calvin s''en prend également à lui de manière très virulente.\r\n\r\nSes œuvres majeures, comme Pantagruel (1532) et Gargantua (1534), qui tiennent à la fois de la chronique, du conte avec leurs personnages de géants, de la parodie héroï-comique, de l''épopée et du roman de chevalerie, mais qui préfigurent aussi le roman réaliste, satirique et philosophique, sont considérées comme une des premières formes du roman moderne.', 1),
(2, 'Pierre de Ronsard', 'Pierre de Ronsard (né en septembre 1524note 1 au château de la Possonnière, près du village de Couture-sur-Loir en Vendômois et mort le 27 décembre 1585 au Prieuré de Saint-Cosme en Touraine1), est un des poètes français les plus importants du xvie siècle.\r\n\r\n« Prince des poètes et poète des princes », Pierre de Ronsard est une figure majeure de la littérature poétique de la Renaissance. Auteur d’une œuvre vaste qui, en plus de trente ans, s''est porté aussi bien sur la poésie engagée et « officielle » dans le contexte des guerres de religions avec Les Hymnes et les Discours (1555-1564), que sur l’épopée avec La Franciade (1572) ou la poésie lyrique avec les recueils Les Odes (1550-1552) et des Amours (Les Amours de Cassandre, 1552 ; Les Amours de Marie, 1555 ; Sonnets pour Hélène, 1578).\r\n\r\nImitant les auteurs antiques, Ronsard emploie d''abord les formes de l''ode (Mignonne, allons voir si la rose) et de l''hymne, considérées comme des formes majeures2, mais il utilisera de plus en plus le sonnet transplanté en France par Clément Marot en 1536 en employant le décasyllabe (Mon dieu, mon dieu, que ma maistresse est belle! , Les Amours, ou Je vous envoye un bouquet…, Continuation des Amours) comme le mètre « moderne » de l''alexandrin (Comme on voit sur la branche… Second livre des Amours, ou Quand vous serez bien vieille…, Sonnets pour Hélène).', 1),
(3, 'Jean de La Fontaine', 'Jean de La Fontaine (né le 8 juillet 1621 à Château-Thierry, et mort le 13 avril 1695 à Paris) est un poète français de grande renommée, principalement pour ses Fables et dans une moindre mesure ses contes licencieux. On lui doit également des poèmes divers, des pièces de théâtre et des livrets d''opéra qui confirment son ambition de moraliste.\r\n\r\nProche de Nicolas Fouquet, Jean de La Fontaine reste à l''écart de la cour royale mais fréquente les salons comme celui de Madame de La Sablière et malgré des oppositions, il est reçu à l''Académie française en 1684. Mêlé aux débats de l''époque, il se range dans le parti des Anciens dans la fameuse Querelle des Anciens et des Modernes.\r\n\r\nC''est en effet en s''inspirant des fabulistes de l''Antiquité gréco-latine et en particulier d''Ésope, qu''il écrit les Fables qui font sa renommée. Le premier recueil qui correspond aux livres I à VI des éditions actuelles est publié en 1668, le deuxième (livres VII à XI) en 1678, et le dernier (livre XII actuel) est daté de 1694. Le brillant maniement des vers et la visée morale des textes, parfois plus complexes qu''il n''y paraît à la première lecture, ont déterminé le succès de cette œuvre à part et les Fables de La Fontaine sont toujours considérées comme un des plus grands chefs-d’œuvre de la littérature française. Le fabuliste a éclipsé le conteur d''autant que le souci moralisant a mis dans l’ombre les contes licencieux publiés entre 1665 et 1674.', 2),
(4, 'Thomas Corneille', 'De dix-neuf ans le cadet de son frère Pierre, Thomas Corneille s’appliqua toute sa vie à suivre la voie de son aîné. Il fait ses études chez les Jésuites et, après de brillantes humanités, est, comme son frère, juriste. Il épouse la belle-sœur de Pierre et quitte Rouen pour Paris en même temps que lui, lorsque les triomphes de son frère l’entraînent vers le théâtre.\r\n\r\nComme Pierre, il fait d’abord des comédies, tirées pour la plupart des auteurs espagnols (il s’inspirera du Jodelet astrologue de d''Ouville pour écrire son Feint Astrologue en 1648 et sa Devineresse en 1679) et il réussit même à concurrencer victorieusement Scarron sur le terrain de la comédie burlesque, son Geôlier de soi-même (surnommé quelquefois Jodelet Prince1 concurrençant victorieusement le Gardien de soi-même de Scarron en 1655.\r\n\r\nEn novembre 1656, il débute sur la scène tragique avec Timocrate, dont le sujet est tiré du roman Cléopâtre de La Calprenède, et qui connaît un immense succès avec une série ininterrompue de — selon la légende — quatre-vingts représentations2, la plus longue de tout son siècle. Le héros de cette pièce joue un double personnage : sous le nom de Timocrate, il est l’ennemi de la reine d’Argos, et sous celui de Cléomène, il est son défenseur et l’amant de sa fille. Malgré la vogue immense que connut cette pièce en son temps, elle est tombée dans un profond oubli et n’a jamais reparu sur la scène.\r\n\r\nIl écrit, seul ou en collaboration, une quarantaine de pièces de théâtre. À la différence de son frère, il s’appliqua à tous les genres dramatiques dont la pièce à machines (sa pièce à machines Circé a été parmi les plus réussies du siècle), l’opéra et la comédie à intermèdes. Ses trois livrets d’opéra, Psyché (1678), Bellérophon (1679) et Médée (1693) font de lui, avec Philippe Quinault et Jean Galbert de Campistron, un des plus importants librettistes français du xviie siècle.', 2),
(5, 'Jean-Baptiste Rousseau', 'Fils d''un cordonnier enrichi, Jean-Baptiste Rousseau fut élevé avec soin et fit de bonnes études chez les Jésuites au collège Louis-le-Grand. Selon les témoignages contemporains, il eut toujours honte de sa naissance obscure qu''il chercha à dissimuler et l''on prétend qu''il alla jusqu''à renier son propre père.\r\n\r\nPour s''accorder à l''esprit de dévotion que Madame de Maintenon répandait sur la fin du règne de Louis XIV, Jean-Baptiste Rousseau commença par composer l''imitation d''un psaume qu''il mit, dit-on, entre les mains du maréchal de Noailles. Le poème plut et son auteur fut appelé à composer des odes religieuses pour l''édification du duc de Bourgogne. Dans le même temps, il rimait en secret des épigrammes licencieuses pour le grand-prieur de Vendôme et la Société du Temple, dans laquelle il avait été introduit par le marquis de La Fare et l''abbé de Chaulieu. On a dit qu''il composait ses psaumes sans dévotion et ses épigrammes, qu''il appelait les Gloria patri des premiers, sans libertinage. Il fut des invités de la duchesse du Maine à ses salons littéraires et aux fêtes des Grandes Nuits de Sceaux, dans le cercle des Chevaliers de la Mouche à Miel au Château de Sceaux.\r\n\r\nL''habileté qu''il montrait dans la versification lui attira la protection de Boileau, qui le guida de ses conseils et le considérait comme le seul qui fût capable de continuer la manière classique. Il fut également protégé par le baron de Breteuil, introducteur des Ambassadeurs et père de la marquise du Châtelet, et le futur maréchal de Tallard. Ce dernier l''emmena avec lui en 1697 lors de son ambassade à Londres auprès de Guillaume III d''Angleterre, ce qui lui permit de faire la connaissance de Saint-Evremond.\r\n\r\nRousseau rentra en France en avril 1699. Peu après son retour, le directeur des finances, Hilaire Rouillé du Coudray, se fit son mécène. Ce grand amateur du « goût italien » était proche de Philippe d''Orléans, futur Régent. En 1748, Voltaire écrira dans sa Vie de Monsieur Jean-Baptiste Rousseau  : « Rouillé avait une maîtresse, nommée Mlle de Louvancourt, qui avait une très jolie voix [...]. Rousseau [...] pour leur plaire [...] composa [...] les paroles [de] cantates [qui furent rapidement mises en musique], et ce sont les premières que nous ayons eues en français. Il les retoucha depuis. Il y en a de très belles ; c’est un genre nouveau dont nous lui avons l’obligation ». Il s''agit en effet d''une forme profane, à la fois littéraire et musicale, créée à l''imitation des cantates italiennes. En France, cette forme serait donc née vers l''année 1700 (grâce à sa mise en musique par des compositeurs comme Jean-Baptiste Morin2, Nicolas Bernier, Jean-Baptiste Stuck..., dont les premiers recueils, publiés ou non, datent, au plus tôt, de 1702-1703). La mode s''en répandit ensuite très vite.', 3),
(6, 'Jean-Jacques Lefranc de Pompignan', 'Jean-Jacques Lefranc naquit dans une famille de noblesse de robe qui détenait de père en fils depuis le xviie siècle la charge de président de la Cour des aides de Montauban. Après des études à Paris au Collège Louis-le-Grand, il fut avocat général près cette cour avant de succéder à son père dans les fonctions de président. Il mena la campagne de diffamation contre l’intendant de Montauban, Lescalopier, accusé d’irrégularités budgétaires et dont il finit par obtenir le déplacement. En 1745, il fut nommé conseiller d’honneur au Parlement de Toulouse. Défenseur des privilèges fiscaux de la noblesse, mais ému en même temps par le poids des impôts que devait payer le peuple, il s’opposa avec véhémence aux réformes de Machault.\r\n\r\nSa première tragédie, Didon (1734) — qu’on dit inspirée de la Didon abandonnée (1724) de Métastase — fut jouée à la Comédie-Française et connut un succès que ne confirmèrent pas les Adieux de Mars (1735) et quelques livrets d’opéra qui suivirent.\r\n\r\nLefranc de Pompignan se fit avant tout connaître comme poète lyrique. Son Ode sur la mort de Jean-Baptiste Rousseau est une œuvre d’une grande noblesse d’inspiration (voir ci-dessous). Très dévôt, il chercha l’inspiration dans les textes sacrés, comme son ami Louis Racine, publiant en 1751 et 1755 les deux volumes de ses Poésies sacrées, inspirées des Psaumes et des Prophètes.\r\n\r\nIl composa également des pièces plus légères comme son Voyage en Languedoc et en Provence, mêlé de prose et de vers à la manière de celui de Chapelle et Bachaumont.\r\n\r\nLe 6 septembre 1759, il fut élu à l’Académie française. Dans son discours de réception, prononcé le 10 mars 1760, il eut le tort de faire étalage d’une extrême vanité et d’attaquer vivement le parti philosophique — attaque d’autant plus inconsidérée que, dans l’assistance, plusieurs de ses membres avaient voté pour lui. Les Philosophes lui firent subir de violentes représailles, notamment Voltaire, qui en fit sa tête de turc dans une longue bataille de libelles et de pamphlets. Lefranc de Pompignan, couvert de ridicule, n’osa plus reparaître à l’Académie et se retira en 1763 dans ses terres, partageant son temps entre ses châteaux de Pompignan, près de Montauban et de Caïx, qu’il fit reconstruire et où il s’occupa notamment à traduire des classiques grecs comme Eschyle.\r\n\r\nIl pourrait être l’auteur d’un traité historique et politique publié anonymement en 1780 : Essai sur la dernière révolution de l’ordre civil en France, qui porte sur la réforme judiciaire réalisée en janvier 1771 sous l’impulsion du chancelier Maupeou', 3),
(7, 'Alphonse de Lamartine', 'Alphonse de Lamartine (nom complet : Alphonse Marie Louis de Prat de Lamartine), né à Mâcon le 21 octobre 1790 et mort à Paris le 28 février 1869 est un poète, romancier, dramaturge et prosateur en même temps qu''un homme politique français qui participa à la Révolution de février 1848 et proclama la Deuxième République. Il est l''une des grandes figures du romantisme en France.\r\n\r\nAlphonse de Lamartine passe son enfance en Bourgogne du sud, en particulier à Milly, qui nourrira son inspiration poétique, et se forme au collège à Lyon puis à Belley avant de revenir dans le Mâconnais où il mène une vie de jeune homme oisif et séducteur. Il voyage en Italie et occupe une éphémère fonction militaire auprès de Louis XVIII. En octobre 1816, en cure à Aix-les-Bains, la rencontre avec une jeune femme mariée, Julie Charles, marque un tournant décisif dans la vie du poète mais leur histoire d''amour passionnée vire à la tragédie lorsque Julie, restée à Paris, meurt en décembre 1817. Alphonse de Lamartine écrit alors les poèmes des Méditations dont le recueil est publié en 1820 et obtient un succès fulgurant. Il épouse la même année Marianne-Elisa Birch, une jeune Anglaise, et occupe des fonctions de secrétaire d''ambassade en Italie avant de démissionner en 1830. Il publie durant cette période d''autres œuvres poétiques comme, en 1823, les Nouvelles Méditations poétiques et La Mort de Socrate, ou encore, en juin 1830, les Harmonies poétiques et religieuses après avoir été élu à l’Académie française en 18291.\r\n\r\nEn 1830, il décide d''entrer en politique en se ralliant à la monarchie de Juillet mais échoue à la députation. Il effectue alors un voyage en Orient où il visite la Grèce, le Liban et les lieux saints du christianisme, relaté dans Voyage en Orient et marqué par le drame de la mort de sa fille Julia. En 1833, Lamartine est élu député et le restera jusqu''en 1851 : il passe du royalisme au républicanisme et prononce des discours remarqués. Il joue un rôle important au moment de la Révolution de 1848, proclamant la République, et assure pendant trois mois le poste de chef du gouvernement provisoire, mais se retire de la politique après sa lourde défaite, n''obtenant que 0,26 % des suffrages lors de l''élection présidentielle qui porte au pouvoir Louis-Napoléon Bonaparte le 20 décembre 1848.', 4),
(8, 'Théophile Gautier', 'Théophile Gautier, né à Tarbes le 30 août 18111 et mort à Neuilly-sur-Seine le 23 octobre 1872, est un poète, romancier et critique d''art français.\r\n\r\nNé à Tarbes, Théophile Gautier est cependant parisien depuis sa plus jeune enfance. Il fait la connaissance du futur Nerval au Collège Charlemagne et s''intéresse très jeune à la poésie. En 1829 il rencontre Victor Hugo qu''il reconnaît pour son maître et participe activement au mouvement romantique comme lors de la fameuse bataille d''Hernani, le 25 février 1830. Il évoquera avec humour cette période en 1833 dans Les Jeunes-France.\r\n\r\nIl publie en 1831-1832 ses premières poésies qui passent inaperçues mais il se distingue de ses amis romantiques par ses préoccupations formalistes fustigeant les visions moralistes ou utilitaires de la littérature dans la célèbre préface à son roman épistolaire Mademoiselle de Maupin (1835). Il écrit aussi ses premières nouvelles comme La Cafetière (1831), dans une veine fantastique qu''il approfondira dans d''autres œuvres (Le Roman de la momie, 1858).\r\n\r\nEn 1836, à la demande de Balzac, il donne des nouvelles et des critiques d''art au journal La Chronique de Paris. Il collabore ensuite intensément à d''autres journaux, en particulier La Presse d''Émile de Girardin : certains de ces textes seront regroupés plus tard en volumes (Les Grotesques, Souvenirs littéraires…). Il publie aussi des poèmes (La Comédie de la Mort, 1838) et s''essaie au théâtre (Une larme du diable, 1839). En mai 1845, il accomplit un grand voyage au-delà des Pyrénées dont il rapporte un carnet d''impressions (Voyage en Espagne) et de nouveaux poèmes (España, 1845). D''autres voyages en Algérie, en Italie, en Grèce, en Égypte, nourriront aussi diverses publications.', 4),
(9, 'Renée Vivien', 'Pauline Mary Tarn, dont le pseudonyme est Renée Vivien, est la fille d''une Américaine et d''un Britannique fortuné (John Tarn) qui meurt en 1886, lui laissant un héritage qui la met à l''abri du besoin. Après sa scolarité – au cours de laquelle elle se fait remarquer par son attachement (amical et « sororal ») à son amie Violet (ou Violette) Shillito (qui décédera en 1901) — faite d''abord à Paris, puis à Londres1, elle revient, à sa majorité en 1899, s''établir à Paris dans un luxueux appartement situé au rez-de-chaussée du 23 de l''avenue du Bois de Boulogne donnant sur un jardin japonais. Elle voyage beaucoup à travers le monde, le Japon, Mytilène et Constantinople figurent au nombre de ses destinations préférées. Elle vit une relation orageuse avec Natalie Barney, qu''elle quitte, trouvant ses infidélités accablantes, refusant même, à son retour des États-Unis, de la revoir. Natalie, qui ne se résignera jamais à cette séparation, fera des efforts acharnés jusqu''à la mort de Renée pour la reconquérir, envoyant des amis communs, Pierre Louÿs notamment, plaider en son nom, ou lui adressant des fleurs et des lettres où elle lui demandait de revenir sur sa décision.\r\n\r\nElle a, en revanche, une liaison plus stable avec la richissime baronne Hélène de Zuylen, mariée et mère de deux fils. Hélène lui apporte un équilibre émotif et une stabilité bénéfiques à sa création littéraire, rédigeant même quatre ouvrages en collaboration avec elle sous le pseudonyme collectif de Paule Riversdale. L''attribution réelle de ces ouvrages est incertaine, mais les chercheurs pensent qu''ils ont été écrits uniquement par Renée Vivien. Même les livres publiés sous le nom d''Hélène de Zuylen seraient, en réalité, dus à sa plume2. Bien que la position sociale de la baronne de Zuylen fasse obstacle à une relation publiquement affichée, toutes deux voyagent souvent ensemble et poursuivent une liaison discrète de 1902 jusqu''à 1907. Les lettres de Renée à son confident, le journaliste et érudit Jean Charles-Brun (qu''elle appelle « Suzanne »), révèlent qu''elle se considère mariée à la baronne.', 5),
(10, 'Louise de Vilmorin', 'Née dans le château familial3 d''une célèbre famille de botanistes et grainetiers, elle est la seconde fille de Philippe de Vilmorin et de son épouse, Mélanie de Gaufridy de Dortan4. Elle se fiance en 1923 à Antoine de Saint-Exupéry1 mais épouse finalement en 1925 un Américain, Henry Leigh Hunt (1886–1972) et s’installe à Las Vegas, au Nevada1. Trois filles naissent de ce mariage : Jessica, Alexandra et Elena1. Divorcée, elle a une liaison en 1933 avec André Malraux et Friedrich Sieburg5, puis épouse en secondes noces, en 1938, le comte Paul Pálffy ab Erdöd (1890–1968), dont elle divorce en 19431. Ces années sont pour Louise « les plus belles de [sa] vie6.» Elle devient ensuite la maîtresse de Paul Esterházy de Galántha (1901–1964), à partir de 1942, puis de Duff Cooper, ambassadeur de Grande-Bretagne.\r\n\r\nLa femme de lettres voyage beaucoup et séjourne fréquemment en Suisse chez son ami le prince Sadruddin Aga Khan. En 1961 elle fait la connaissance à Genève, par le biais d’un de leurs amis communs Jean-Louis Mathieu, du peintre genevois Émile Chambon et se prend d’amitié pour lui. Le 10 mai 1962 se tient à son initiative le vernissage d’une grande exposition Chambon à la galerie Motte à Paris, dont elle préface le catalogue.\r\n\r\nLouise de Vilmorin publie son premier roman, Sainte-Unefois en 1934, sur les encouragements d''André Malraux1, puis, entre autres, Julietta7 (1951) et Madame de... (1951).\r\n\r\nElle publie aussi plusieurs recueils de poèmes dont Fiançailles pour rire (1939), mises en musique par Francis Poulenc, Le Sable du Sablier (1945) et L''Alphabet des aveux (1954). Sa fantaisie se manifeste dans les figures de style dont elle est friande, notamment les holorimes (qu''elle écrit « olorime ») et les palindromes dont elle a écrit un grand nombre et de grande taille8.\r\n\r\nFrancis Poulenc fait d’elle l’égale de Paul Éluard et de Max Jacob. Il trouve dans ses poèmes « une sorte d''impertinence sensible, de libertinage, de gourmandise qui prolongeait dans la mélodie ce que j''avais exprimé, très jeune, dans Les Biches avec Marie Laurencin9. »\r\n\r\nElle a travaillé également comme scénariste et dialoguiste pour plusieurs longs métrages, Les Amants en 1957, La Française et l''Amour en 1960, et est apparue en tant qu''actrice dans Amélie ou le Temps d''aimer (1961) de Michel Drach et Teuf-teuf (1963) de Georges Folgoas.', 5);

--
-- Contenu de la table `livre`
--

INSERT INTO `livre` (`id`, `letitre`, `ladescription`, `lasortie`, `ecrivain_id`) VALUES
(1, 'Pantagruel', 'Publié en 1532, Pantagruel raconte sur un mode burlesque la vie du héros éponyme, reprenant la trame des romans de chevalerie : naissance, éducation, aventure et exploits guerriers. Le géant, fils de Gargantua et de Badebec, vient au monde lors d''une période de sécheresse qui lui donne son nomC 1. Après une enfance placée sous le signe d''une faim insatiable et d''une force démesurée, il entreprend le tour des universités françaises. À Paris, l''épisode fameux de la librairie Saint-VictorN 4 écorne les adversaires des humanistes, comme Duns Scot ou Noël Béda, au travers d''un catalogue imaginaire. La lettre de Gargantua rend un hommage vibrant à la renaissance du savoir par-delà le Moyen Âge, exhortant son fils à devenir un « abysme de science ». Puis apparaît Panurge, qui devient le fidèle compagnon de Pantagruel. Ce personnage fourbe multiplie les farces cruelles, les tours pendards et les bouffonneries. Pantagruel prouve son talent de juge dans l''inintelligible procès entre Humevesne et Baisecul avant que Panurge ne montre sa propre habileté dans un simulacre de controverse en langue des signes avec Thaumaste. Les Dipsodes, gouvernés par le roi Anarche, envahissent le pays des Amaurotes, à savoir l''UtopieN 5 sur lequel règne Gargantua. Pantagruel part donc en guerre. Lui et ses compagnons triomphent de leurs ennemis par des ruses invraisemblables : piège de cordes pour faire chuter les 660 cavaliers, livraison d''euphorbe et de « coccognide »N 6,38 pour assoiffer l''ennemi contraint de boire. Peu après, Pantagruel triomphe de Loup Garou et de trois cents géants. Epistémon, soigné après une décapitation, raconte son séjour aux Enfers, où toute la hiérarchie terrestre est inversée. Les combats terminés, Pantagruel prend possession des terres des Dipsodes. Le narrateur explore ensuite le corps du géant, découvrant un autre monde. Il conclut l''ouvrage en promettant de raconter d''autres prouesses extraordinaires tout en invitant le lecteur de se garder des nuisibles hypocrites hostiles aux livres pantagruéliques.', '1532', 1),
(2, 'Gargantua', 'Le second roman de Rabelais, toujours publié sous le nom d''Alcofribas Nasier, pose des problèmes de datation, la critique actuelle hésitant entre 1533-1534 et 153539. En raison de la répression royale de 1534, cette question importe pour évaluer la hardiesse du propos. Gargantua, longtemps jugé mieux construit que Pantagruel, s''en démarque moins par une supériorité stylistique que par son didactisme plus prononcé. Dans le célèbre prologue, le narrateur avertit ses lecteurs de ne point s''arrêter au sens littéral mais d''interpréter le texte au-delà de son apparence frivole, et de chercher la "substantifique moelle" de ses écritsC 2. L''auteur multiplie en effet les allusions aux événements ou interrogations de son époque. Le récit commence par annoncer la généalogie du héros mais ne donne à lire qu''un poème illisible, Les Franfreluches antidotées.\r\n\r\nLe passage suivant évoque la grossesse de Gargamelle, mère de Gargantua, en affirmant la possibilité de porter onze mois l''enfant dans son ventre40,41. Au fur à mesure qu''il grandit, le géant se révèle ingénieux, en particulier lorsqu''il invente le torchecul, ce qui convainc son père Grangousier de lui trouver un précepteur. Il subit alors une éducation formaliste fondée sur un apprentissage mécanique, ce qui met en cause l''enseignement de la Sorbonne. Thubal Holoferne lui impose d''apprendre des traités par cœur et à l''envers, maître Jobelin lui lit une série d''ouvrages de scolastique médiévale. L''entrée en scène du précepteur Ponocrates est l''occasion d''introduire les idées humanistes en matière de pédagogie, substituant la rhétorique argumentative aux procédés syllogistiques42. Gargantua, son nouveau maître et le page Eudemon sont envoyés à Paris au moyen d''une gigantesque jument. La curiosité étouffante des Parisiens contraint le prince à se réfugier sur les tours de Notre-Dame, avant de submerger la foule de son urineC 3. Gargantua ayant dérobé les cloches de la cathédrale afin d''en faire des grelots pour sa monture, le sophiste Janotus de Bragmardo déclame une harangue maladroite pour qu''il les restitue, tournant involontairement en ridicule le style des sorbonnards. Ponocrates met en œuvre une éducation inspirée entre autres de Vivès43 et probablement de théoriciens italiens comme Vittorino de Feltre44. Gargantua se livre aussi bien à des exercices intellectuels que physiques, apprenant à manier les armes comme à jouer de la musique.', '1533 - 1535', 1),
(3, 'Les Amours - Continuation des amours', 'Les Amours de Cassandre est un recueil de poèmes en décasyllabes de Pierre de Ronsard de 1552. Il porte sur Cassandre Salviati (1530-1607), fille de Bernardo Salviati, un des banquiers de François Ier. Cassandre est une jeune fille italienne rencontrée par le poète le 21 avril 1545 à Blois à un bal de la cour. Elle n''a que quinze ans et lui vingt et un. Ronsard ne pouvait épouser la jeune fille, car il était clerc tonsuré. Cassandre épousa Jean Peigné, seigneur de Pray l''année suivante. À l''imitation de Pétrarque, qui chantait son amoureuse Laure, il fait de Cassandre son égérie, célébrant un amour tout imaginaire dans un style précieux avec comparaisons mythologiques et mignardises.\r\n\r\nC''est dans Les Amours que Ronsard fixe les règles du sonnet : deux quatrains où alternent rimes masculines et rimes féminines suivis de deux tercets dont les rimes sont disposées de manière conventionnelle CCD EED ou CCD EDE69.\r\n\r\nLe second livre est en partie dédié à Cassandre et en partie à Marie.', '1552 - 1555', 2),
(4, 'Sonnets pour Hélène', 'Les Sonnets pour Hélène sont publiés en 1578 dans une nouvelle édition des Amours74. Hélène de Surgères est une jeune suivante de Catherine de Médicis. Une grande différence d''âge sépare Hélène de Ronsard qui est âgé de près de 45 ans lorsqu''ils se rencontrent. C''est la reine qui encourage Ronsard à courtiser Hélène par vers interposés. Cette œuvre de commande est une œuvre de maturité qui célèbre un amour platonique pour une belle qui reste indifférente. Ronsard retrouve dans ces sonnets l''influence de Pétrarque et Hélène de Troie est très souvent évoquée aux côtés d''Hélène de Surgères. Les sonnets les plus connus sont Quand vous serez bien vieille... et Te regardant assise....', '1578', 2),
(5, 'L''Eunuque', 'Thaïs est une courtisane aimée du jeune Athénien Phédria et du soldat Thrason. Pour complaire à ce dernier qui a exprimé son intention de lui offrir une esclave, elle ferme sa porte à Phédria. Celui-ci veut alors lui envoyer un eunuque pour l''attendrir. Chéréa, frère de Phédria, a aperçu la jeune esclave et s''en est épris. Il décide donc de se déguiser en eunuque pour entrer dans la maison de Thaïs : il retrouve alors l''esclave et la viole.\r\n\r\nCependant, la jeune esclave est en fait une femme libre ; pour réparer son viol, Chéréa l''épouse. À la fin de la pièce, Thaïs accepte de revoir Phédria : elle s''arrange avec Gnathon, le parasite de Thrason, pour que son patron subvienne à ses besoins.', '1654', 3),
(6, 'Les Rieurs du Beau-Richard', 'Un des rieurs parle\r\nLe Beau-Richard tient ses grands jours,\r\nEt va rétablir son empire.\r\nL’année est fertile en bons tours ;\r\nJeunes gens, apprenez à rire.\r\n\r\nTout devient risible ici-bas,\r\nCe n’est que farce et comédie ;\r\nOn ne peut quasi faire un pas,\r\nNi tourner le pied qu’on en rie[2].\r\n\r\nQui ne riroit des précieux ?\r\nQui ne riroit de ces coquettes\r\nEn qui tout est mystérieux,\r\nEt qui font tant les guillemettes ?\r\n\r\nElles parlent d’un certain ton,\r\nElles ont un certain langage\r\nDont auroit ri l’aîné Caton,\r\nLui qui passoit pour homme sage.\r\n\r\nD’elles pourtant il ne s’agit\r\nEn la présente comédite :\r\nUn bon bourgeois s’y radoucit\r\nPour une femme assez jolie.\r\n\r\n« Faites-moi votre favori,\r\nLui dit-il, et laissez-moi faire. »\r\nLa femme en parle à son mari,\r\nQui répond, songeant à l’affaire :\r\n\r\n« Ma femme, il vous faut l’abuser,\r\nCar c’est un homme un peu crédule.\r\nSous l’espérance d’un baiser,\r\nFaites-lui rendre ma cédule.', '1659', 3),
(7, 'Le Festin de pierre (Dom Juan)', 'Le Festin de pierre est une comédie de Molière en cinq actes et en prose dont la « Troupe de Monsieur frère unique du roi » donna quinze représentations triomphales en février et mars 1665 sur le théâtre de la grande salle du Palais-Royal à Paris.\r\n\r\nAnnoncée et donnée avec pour sous-titre L''Athée foudroyé1, elle était, après les tragicomédies en vers de Dorimond (1658) et de Villiers (1659), toutes deux intitulées Le Festin de Pierre ou le Fils criminel, la troisième adaptation française de la légende de Don Juan Tenorio, débauché et impie châtié par le Ciel, à laquelle le moine espagnol Tirso de Molina avait donné, trente-cinq ans plus tôt, une première forme dramatique dans El Burlador de Sevilla y combidado de piedranote 1 (L’Abuseur de Séville et l’Invité de pierre).\r\n\r\nNon publiée du vivant de Molière, la pièce fut imprimée pour la première fois en France en 1682, sous le titre Dom Juan ou le Festin de pierre, qui est celui sous lequel elle était, jusqu''à une date récente, éditée et représentée.\r\n\r\nElle donne à suivre les trente-six dernières heuresnote 2 de la vie du jeune Dom Juan Tenorio, « esprit fort »2 et grand amateur de femmes, flanqué tout au long des cinq actes de Sganarelle, valet couard, gourmand et avide de disputes intellectuelles. Provocateur impénitent, Dom Juan n''échappera pas à la vengeance du Ciel, qui le châtiera par le bras d''une statue de pierre.\r\n\r\nPièce où se mêlent tous les registres, du comique farcesque au sérieux, voire au tragique, elle est accueillie avec enthousiasme par le public parisien, mais fait l''objet d’une violente attaque au lendemain de sa création et ne sera jamais reprise ni imprimée du vivant de son auteur. Délaissée jusqu’au milieu du xixe siècle au profit de la version en vers que la veuve et les compagnons de Molière avaient commandée à Thomas Corneille en 1676, elle fut peu représentée jusqu’à ce qu’en 1947 et 1953, Louis Jouvet puis Jean Vilar la fassent redécouvrir au grand public. Elle est aujourd’hui considérée, à l’égal du Tartuffe et du Misanthrope, comme l’un des chefs-d’œuvre de Molière et de la dramaturgie classique française.\r\n\r\nLa place unique qu’elle occupe, par sa singularité formelle, dans la production de son auteur, le caractère tumultueux de son histoire, la réputation de «modernité» et de «complexité» qui lui est faite par ses exégètes et commentateurs depuis une soixantaine d’années (et dont témoigne une très abondante bibliographie critique), l’importance sans cesse croissante qu’elle occupe dans les programmes et les manuels scolaires, enfin la multiplication et la grande diversité des mises en scène auxquelles elle a donné lieu depuis sa «redécouverte», font de cette comédie de l’incrédulité châtiée un des avatars les plus fascinants du mythe de Don Juan.', '1658', 4),
(8, 'Psyché (Lully)', 'Selon le Mercure galant, l''ensemble du livret et de la partition de Psyché fut composé en trois semaines. Bien qu''il soit impossible de vérifier ce constat, il est tout à fait probable et crédible que Lully a dû composer l''opéra à la hâte. En effet, Lully a choisi de réincorporer les intermèdes qu''il avait composés pour la Psyché de Molière de 1671, ce qui lui fournissait déjà plus de la moitié de la musique et des vers de son nouvel opéra. Vu le succès spectaculaire de ces intermèdes lors des représentations de la tragédie-ballet de Molière, Lully a dû sentir que, s''il avait peu de temps pour composer un opéra, il pouvait pour le moins attirer le public avec la promesse de remettre en scène la célèbre plainte italienne ou le grand ballet final ; le tout avec le concours des meilleurs musiciens et danseurs du royaume. Il fallait seulement un livret qui pourrait lier les intermèdes de manière cohérente, en vers mixtes et d''une longueur correspondante à un tiers de la pièce de Molière (soit 600 vers, à peu près). Malheureusement, Philippe Quinault, le librettiste habituel de Lully, était tombé en disgrâce auprès du roi ; ceci suite aux parallèles que la cabale montée contre lui s''était plu à voir entre l''intrigue d’Isis (son dernier opéra), et les intrigues de la Cour. La tâche revint donc à Thomas Corneille, probablement sur recommandation de la même cabale qui s''était efforcée de disgracier Quinault. Le texte de Corneille, par choix ou par nécessité, ne fut pas une version abrégée de la pièce de Molière, mais une pièce tout à fait différente destinée à un tout autre genre.\r\n\r\nDès le xviiie siècle, on parle de la collaboration du neveu de Corneille, Fontenelle, à la composition du livret de Psyché. Il est impossible de savoir s''il y a véritablement collaboré et, si oui, dans quelle mesure. Les éditions de Psyché, comme c''était la convention à l''époque, ne donnent pas le nom du librettiste. Dans le Mercure galant et toutes les anecdotes parlant de l''opéra de Psyché, on désigne Thomas Corneille comme l''auteur du livret. Cependant, Fontenelle a placé ce livret dans ses propres Œuvres sans la moindre mention de la participation de son oncle. Inversement, aucun des trois livrets d''opéra de Thomas Corneille (Psyché, Bellérophon et Médée) ne paraît dans les éditions de son Théâtre. Il est impossible de savoir si Fontenelle a participé à la création de Psyché, mais au vu de toutes les relations de celle-ci (voir plus bas) il paraît peu probable qu''il puisse être le seul auteur du texte.', '1678', 4),
(9, 'Le Café', 'On fera les mêmes remarques que pour le commentaire d’arrêt :\r\n\r\nil n’est pas nécessaire de faire une conclusion ; c’est même parfois dangereux lorsqu’on a tendance à se poser à nouveau une question à laquelle la dissertation est censée répondre…\r\nl’introduction doit être une présentation non seulement de la problématique, mais aussi de la réponse apportée ; il faut donc donner ses conclusions dans l’introduction, mais sans détailler le raisonnement qui permet d’arriver à ces conclusions (c’est l’objet du développement, les différentes parties du corps du devoir) ;\r\nles plans en deux parties sont conseillés, même s’il est possible sur un sujet donné de faire trois parties.\r\nLa dissertation présente, en pratique, un avantage considérable sur le commentaire d’arrêt : il n’est pas nécessaire de lire et comprendre un texte qui s’étend parfois sur plusieurs pages, ce qui fait gagner beaucoup de temps pour l’élaboration du plan. En effet, l’élaboration du plan est la phase critique, tant dans la dissertation que dans le commentaire. C’est souvent l’étape qui fait perdre le plus de temps aux étudiants. Avec la dissertation, vous n’avez pas à perdre 20 minutes en lecture, vous pouvez commencer à inscrire des idées au brouillon dès le début de l’épreuve. Vous passerez donc plus de temps sur votre plan (généralement de 1 heure à 1h30 sur les 3 heures de l’épreuve), qui sera généralement meilleur…', '1694', 5),
(10, 'Le Capricieux', 'Comme il a été dit plus haut, la dissertation est un exercice théorique. On en rédige donc le contenu sans support externe. Il n’y a pas de paragraphe débutant par « En l’espèce… » dans une dissertation. C’est souvent ce que les étudiants trouvent de plus difficile dans la dissertation : il faut faire jouer sa mémoire ! Cependant, cela ne signifie pas que vous n’avez pas le droit d’être concret. En effet, une dissertation convaincante est pédagogique : après une idée formulée de manière abstraite, il est bon de donner un exemple concret qui l’illustre et la renforce.\r\nLe correcteur sait bien que vous n’avez pas de bibliographie à disposition et que vous ne pouvez pas citer de référence (sauf quelques références célèbres, incontournables…). Il sera donc assez indulgent sur ce point, l’essentiel étant d’avoir un raisonnement logique et structuré.\r\n\r\nEn ce qui concerne les citations, v. le paragraphe qui leur est dédié dans l’article sur le commentaire d’arrêt.', '1700', 5),
(11, 'Didon', 'Didon (latin : Dido), Elyssa, Elissa, Elisha, Elysha ou Hélissa, est la fondatrice légendaire et première reine de Carthage. Arrivée sur les côtes d''Afrique du Nord, dans l''actuelle Tunisie, elle fonde la cité de Carthage. Selon la légende, elle se serait immolée par le feu pour ne pas avoir à épouser le souverain des lieux, Hiarbas.\r\n\r\nDans la mythologie grecque et romaine, Didon est la fille de Bélos et la sœur du roi de Tyr, Pygmalion.\r\n\r\nLe mythe de Didon a été repris par Virgile dans son œuvre, l’Énéide. Il a également fait l''objet de nombreuses utilisations dans les autres arts : en musique, en peinture, en sculpture, etc.', '1734', 6),
(12, 'Dissertation sur les biens nobles', ' LES TROIS ORDRES SOUS L’ANCIEN REGIME\n \n\nLe 29 mai 1453, Constantinople, capitale de l’Empire romain d’orient, tombe aux mains des mahométans. Cette date initie pour l’historiographie le début de la période moderne. L’Ancien Régime, quant à lui, est souvent présumé né sous le règne de François Ier, et plus précisément à partir de 1539 et l’ordonnance de Villers-Côtteret. Comme l’expression l’indique elle-même, l’Ancien Régime s’oppose au nouveau régime, apparu avec la Révolution de 1789 : la formule a même été inventée sous la Révolution à cette fin.\n\n            La tripartition sociale constitue une réalité antérieure. Adalbéron de Laon, dans son poème au Robert, fut un des premiers à la théoriser : « la maison de Dieu est donc triple, elle qui semble une ». On peut y voir une résurgence d’une division plus ancienne encore, propre aux sociétés indo-européennes, entre guerriers, paysans et prêtres. Dans l’esprit d’Adalbéron, cette tripartition garantissait la paix, par l’équilibre et la complémentarité des fonctions sociales attribuées à chaque ordre.\n\nUn ordre n’est ni une classe, ni une caste. Cela s’explique car il ne s’agit ni d’un groupement fondé sur la richesse et hiérarchisé par l’argent, ni d’un groupe hermétiquement fermé. La mobilité entre les ordres, certes difficile, reste possible. Les trois ordres procèdent d’un mode de hiérarchisation et de représentation de la société sur une base fonctionnelle. Dès le XIIIe siècle, cette présentation théorique correspond à une réalité sociale endogamie des trois ordres (particularité du clergé qui prélève nécessairement ses membres dans l’un ou l’autre des deux autres ordres).\n\n            Comment est-elle reçue en droit positif sous l’Ancien Régime ? Quel était sa finalité, et que fut son devenir ?\n\n            Durant l’Ancien Régime, les postulats de ce mode d’organisation sociale deviennent progressivement obsolète. A ce titre, il apparaît plus logique d’évoquer en premier lieu le statut des trois ordres, qui demeure statique jusqu’à la Révolution (I), avant que d’étudier la finalité de la tripartition et surtout la concordance entre cette finalité et la réalité au cours de l’Ancien Régime (II).\n\n \n\nI.                   Statuts des trois ordres.\n\n \n\nCette répartition fonctionnelle est reçue en droit positif : chaque ordre a son statut juridique, ses devoirs et ses droits, un ensemble de privilèges liés à l’exercice de ses fonctions.\n\nCette « loi privée » (du latin privata lex) est la loi particulière d’un groupe défini soit par sa fonction dans la société, soit par sa localisation géographique.', '1758', 6),
(13, 'Méditations poétiques', 'La première édition comportait 24 poèmes. D''autres éditions suivirent ; celle de 1849 comportait alors 41 poèmes. Ce recueil est l''aboutissement d''un courant de poésie élégiaque caractérisé par des allusions mythologiques, des exclamations, des interrogations et des périphrases poétiques. Il fait l''effet d''une révolution car son fond est nouveau : les poèmes se fondent sur l''expression d''un lyrisme tout personnel, qu''exaltent les moments tristes ou heureux de la vie du jeune poète.\r\n\r\nLe recueil est marqué par les soupirs de l''âme de Lamartine, qui évoque les souvenirs et les regrets, les espérances et les désespoirs, l''angoisse face à la mort. Mais ces élans de l''âme sont inséparables du sentiment de la nature amie, à qui le poète confie ses joies et ses peines. L''évocation des paysages naturels est l''expression de l''état d''âme du poète lui-même, avec notamment les motifs récurrents du lac et du vallon (ce dernier rappelant à Lamartine la sûreté et la douceur de son enfance et de la demeure paternelle).', '1820', 7),
(14, 'La Mort de Socrate', 'La Mort de Socrate est un poème de Lamartine, publié en septembre 1823, qui forme une suite naturelle aux Premières Méditations. Lamartine imite et traduit même, par endroit, le Phédon. Ce poème raconte les dernièrs entretiens de Socrate avec ses disciples au moment où il va boire la ciguë. Socrate laisse parler son génie, qui proclame que mourir, c’est\r\n\r\n...briser ce nœud infâme\r\nCet adultère hymen de la terre avec l’âme\r\nPuis il célèbre l’autre monde et la nature de Dieu, qu’il entrevoit un en trois personnes ; il meurt enfin le sourire sur les lèvres. Le poète a su faire parler son héros aux vers pleins de la grandeur antique ; cependant, il avoue que l’on sent dans son poème comme un « avant-goût du christianisme près d’éclore ».', '1823', 7),
(15, 'Mademoiselle de Maupin', 'Dans le roman, Gautier raconte la vie de Madeleine de Maupin qui, avant de succomber aux avances des hommes, désire se travestir afin de surprendre leurs secrets. Elle parcourt donc le monde, sous le nom de Théodore, en quête d’aventures galantes. D’Albert, le héros de la première partie du livre, qui soupçonne la vérité, tombe amoureux de Madeleine. Rosette, la précédente conquête de D’Albert, est trompée par le déguisement et elle est amoureuse de Théodore/Madeleine qui doit par ailleurs se battre en duel pour avoir refusé d’épouser une jeune fille.\r\n\r\nSur la vertu et l’immoralité dans la littérature \r\nUne des choses les plus burlesques de la joyeuse époque où nous avons le bonheur de vivre est incontestablement la réhabilitation de la vertu entreprise par tous les journaux, de quelque couleur qu’ils soient, rouges, verts ou tricolores. La vertu est assurément quelque chose de fort respectable, et nous n’avons pas envie de lui manquer, Dieu nous en préserve ! La bonne et digne femme ! (…) mais il me semble naturel de lui préférer, surtout quand on a vingt ans, quelque petite immoralité bien pimpante, bien coquette (…) Les journalistes les plus monstrueusement vertueux ne sauraient être d’un avis différent, et, s’ils disent le contraire, il est très probable qu’ils ne le pensent pas. Penser une chose, en écrire une autre, cela arrive tous les jours, surtout aux gens vertueux.\r\nSur les critiques littéraires \r\nLe critique qui n’a rien produit est un lâche. C’est comme un abbé qui courtise la femme d’un laïque : celui-ci ne peut lui rendre la pareille.\r\nSur l’utilité du beau \r\nRien de ce qui est beau n’est indispensable à la vie. - On supprimerait les fleurs, le monde n’en souffrirait pas matériellement ; qui voudrait cependant qu’il n’y eût plus de fleurs ? Je renoncerais plutôt aux pommes de terre qu’aux roses, et je crois qu’il n’y a qu’un utilitaire au monde capable d’arracher une plate-bande de tulipes pour y planter des choux. À quoi sert la beauté des femmes ? Pourvu qu’une femme soit médicalement bien conformée, en état de faire des enfants, elle sera toujours assez bonne pour des économistes. À quoi bon la musique ? à quoi bon la peinture ? Qui aurait la folie de préférer Mozart à M. Carrel, et Michel-Ange à l’inventeur de la moutarde blanche ? Il n’y a de vraiment beau que ce qui ne peut servir à rien ; tout ce qui est utile est laid, car c’est l’expression de quelque besoin, et ceux de l’homme sont ignobles et dégoûtants, comme sa pauvre et infirme nature.', '1835', 8),
(16, 'Les Roués innocents', 'Henri Dalberg et Calixte s''aiment depuis l''enfance. Mais, Dalberg s''est laissé entraîner dans le monde des plaisirs : une courtisane, Amine, par jalousie, et un "ami", Rudolph, par pure méchanceté, vont tenter de faire échouer son mariage. Grâce au dévouement de Florence, une amie, la machination échoue et le jeune couple peut se marier.\r\n\r\nlusieurs calèches, crottées jusqu’aux capotes, attelées de chevaux de poste fumants, arrivèrent, à de petites distances l’une de l’autre, avec un grand tintamarre de coups de fouets et de grelots, devant la porte d’un des plus célèbres restaurateurs du Palais-Royal, vers six ou sept heures du soir, un jour qu’il y avait eu sur les rives de la Bièvre une de ces courses au clocher entremêlées d’averses, où les gentlemen-riders auraient autant besoin de parapluies que de cravaches.\r\n\r\nIl sortit des voitures quelques hommes dont aucun n’était vieux, et quelques jeunes femmes à qui un goût sévère n’aurait guère pu reprocher autre chose que d’être trop bien mises et d’une élégance trop voyante, pour emprunter au style figuré des modistes et des couturières cet hypallage qui leur sert à désigner tout objet ou toute couleur qui attire l’œil...', '1847', 8),
(17, 'Brumes de fjords', 'COMME je m’acheminais vers la colline, je rencontrai le Vent du Nord.\r\n\r\nIl était vêtu d’un grand manteau de neige et sa couronne de glaçons étincelait.\r\n\r\nIl me dit : « Laisse-moi t’emporter vers les immuables blancheurs.\r\n\r\n« Tu verras les aurores incomparables, les mers immobiles et lumineuses, les montagnes de cristal qui flottent sur les eaux et les solitudes pâles au fond de l’éternel silence. »\r\n\r\nJe répondis au Vent du Nord :\r\n\r\n« Mon âme est retenue au village par le sourire indécis d’une vierge. »\r\n\r\nLe Vent du Nord s’enfuit dans un frisson d’ailes.\r\n\r\nComme je m’acheminais vers la colline, je rencontrai le Vent de l’Est.\r\n\r\nIl était vêtu de pourpre et sa couronne de rayons flamboyait.\r\n\r\nIl me dit : « Laisse-moi t’emporter vers la lumière.\r\n\r\n« Tu verras le faste des couleurs, les dorures des pagodes aux clochetons bizarres, le chatoiement soyeux des robes de mousmés et la naissance glorieuse du Soleil. »\r\n\r\nJe répondis au Vent de l’Est :\r\n\r\n« Mon âme est retenue au village par le sourire indécis d’une vierge. »\r\n\r\nLe Vent de l’Est s’enfuit dans un frisson d’ailes.\r\n\r\nComme je m’acheminais vers la colline, je rencontrai le Vent du Sud. \r\n\r\nIl était vêtu d’or et sa couronne d’étoiles resplendissait.\r\n\r\nIl me dit : « Laisse-moi t’emporter vers l’azur.\r\n\r\n« Tu verras les forêts aux végétations paradoxales, la grâce des lionnes et la subtilité des panthères, les reptiles indolents et splendides, les temples et les ruines, les sphinx accroupis dans les déserts, les oasis et les mirages, et l’inexprimable magnificence des fleurs. »\r\n\r\nJe répondis au Vent du Sud :\r\n\r\n« Mon âme est retenue au village par le sourire indécis d’une vierge. »\r\n\r\nLe Vent du Sud s’enfuit dans un frisson d’ailes.\r\n\r\nComme je m’acheminais vers la colline, je rencontrai le Vent de l’Ouest.\r\n\r\nIl était vêtu de vert tendre et sa couronne de perles rayonnait.\r\n\r\nIl me dit : « Laisse-moi t’emporter vers la mer.\r\n\r\n« Tu verras l’infini des horizons ruisselants et le charme mystique des brumes, le passage des voiles dont la blancheur légère se colore, vers le soir, de violet et d’orange, et l’étendue fabuleuse des Océans. » Je répondis au Vent de l’Ouest :\r\n\r\n« Mon âme est retenue au village par le sourire indécis d’une vierge. »\r\n\r\nLe Vent de l’Ouest s’enfuit dans un frisson d’ailes.', '1901', 9),
(18, 'Évocations', 'Douceur de mes chants, allons vers Mytilène,\r\nVoici que mon âme a repris son essor,\r\nNocturne et craintive ainsi qu’une phalène     \r\nAux prunelles d’or.\r\n\r\nAllons vers l’accueil des vierges adorées :\r\nNos yeux connaîtront les larmes des retours :\r\nNous verrons enfin s’éloigner les contrées\r\nDes ternes amours.\r\n \r\nL’ombre de Psappha, tissant les violettes\r\nEt portant au front de fébriles pâleurs,\r\nSourira là-bas de ses lèvres muettes.\r\nLasses de douleurs.\r\n\r\nLà-bas, gémira Gorgô la délaissée,\r\nLà-bas, fleuriront les paupières d’Atthis,\r\nQui garde en sa chair, savamment caressée,\r\nL’ardeur de jadis.\r\n\r\nElles chanteront les Grâces solennelles,\r\nLes sandales d’or de l’Aube au frais miroir,\r\nLes roses d’une heure et les mers éternelles,\r\nL’étoile du Soir.\r\n\r\nNous verrons Timas, la vierge tant pleurée,\r\nQui ne subit point les tourments de l’Érôs,\r\nEt nous redirons à la terre enivrée\r\nL’hymne de Lesbôs.', '1903', 9),
(19, 'Une fée… pas comme les autres', 'Géninoir, un singe malveillant, tente de s''emparer de la baguette de la bonne fée qui veille sur le village des animaux. Pour y arriver, il intègre la fête foraine qui arrive dans le village et se fait passer pour un vendeur de sucreries. Pendant un soir de fête, Géninoir arrive à corrompre Chocolat — jeune chien musicien qui connaît la mélodie pour faire apparaître la baguette — avec quelques bonbons. Ayant enfin la baguette, Géninoir fait régner la terreur… C''est alors qu''intervient Saturnin, poète-canard, afin de sauver sa belle Barbara pétrifiée par le choc !', '1957', 10),
(20, 'Les Amants', 'Jeanne Tournier, 30 ans, s’ennuie dans sa luxueuse demeure de Dijon. Elle est mariée au directeur d’un journal et se rend chaque mois à Paris chez son amie Maggie. Elle a une liaison plus ou moins platonique avec un joueur de polo aussi vain qu’élégant.\r\n\r\nSoupçonneux, Henri Tournier tend un piège à Jeanne en lui demandant d''inviter chez eux ses amis parisiens. En route pour Dijon, elle tombe en panne et rencontre un mystérieux jeune homme, archéologue qui la ramène chez elle, dans sa 2CV poussive qui tranche avec les luxueuses voitures de ses amis habituels.', '1958', 10);
--
-- Contraintes pour les tables exportées
--

--
-- Contraintes pour la table `ecrivain`
--
ALTER TABLE `ecrivain`
  ADD CONSTRAINT `fk_poete_sciecle` FOREIGN KEY (`sciecle_id`) REFERENCES `periode` (`id`) ON DELETE NO ACTION ON UPDATE NO ACTION;

--
-- Contraintes pour la table `livre`
--
ALTER TABLE `livre`
  ADD CONSTRAINT `fk_livre_ecrivain1` FOREIGN KEY (`ecrivain_id`) REFERENCES `ecrivain` (`id`) ON DELETE NO ACTION ON UPDATE NO ACTION;

